LAT;;;;;37.1386;37.1386;37.1386;37.1386;37.1386;37.1386;37.1386;37.1386;37.1386;37.1386;37.1386;37.1386;37.1386;37.1386;37.1386;37.1386;37.1386;37.1386
LON;;;;;-8.53775;-8.53775;-8.53775;-8.53775;-8.53775;-8.53775;-8.53775;-8.53775;-8.53775;-8.53775;-8.53775;-8.53775;-8.53775;-8.53775;-8.53775;-8.53775;-8.53775;-8.53775
ASL;;;;;13.0000;13.0000;13.0000;13.0000;13.0000;13.0000;13.0000;13.0000;13.0000;13.0000;13.0000;13.0000;13.0000;13.0000;13.0000;13.0000;13.0000;13.0000
CITY;;;;;Portimão;Portimão;Portimão;Portimão;Portimão;Portimão;Portimão;Portimão;Portimão;Portimão;Portimão;Portimão;Portimão;Portimão;Portimão;Portimão;Portimão;Portimão
DOMAIN;;;;;NEMS4;NEMS4;NEMS4;NEMS4;NEMS4;NEMS4;NEMS4;NEMS4;NEMS4;NEMS4;NEMS4;NEMS4;NEMS4;NEMS4;NEMS4;NEMS4;NEMS4;NEMS4
LEVEL;;;;;2 m above gnd;2 m above gnd;MSL;sfc;sfc;sfc;high cld lay;mid cld lay;low cld lay;sfc;sfc;10 m above gnd;10 m above gnd;80 m above gnd;80 m above gnd;900 mb;900 mb;sfc
NAME;;;;;Temperature;Relative Humidity;Mean Sea Level Pressure;Total Precipitation;Snowfall amount raw;Total Cloud Cover;High Cloud Cover;Medium Cloud Cover;Low Cloud Cover;Sunshine Duration;Shortwave Radiation;Wind Speed;Wind Direction;Wind Speed;Wind Direction;Wind Speed;Wind Direction;Wind Gust
UNIT;;;;;°C;%;hPa;mm;cm;%;%;%;%;min;W/m2;km/h;°;km/h;°;km/h;°;km/h
AGGREGATION;;;;;;;;;;;;;;;;;;;;;;
UTC_OFFSET;;;;;1;1;1;1;1;1;1;1;1;1;1;1;1;1;1;1;1;1

Year;Month;Day;Hour;Minute;Temperature  [2 m above gnd];Relative Humidity  [2 m above gnd];Mean Sea Level Pressure  [MSL];Total Precipitation  [sfc];Snowfall amount raw  [sfc];Total Cloud Cover  [sfc];High Cloud Cover  [high cld lay];Medium Cloud Cover  [mid cld lay];Low Cloud Cover  [low cld lay];Sunshine Duration  [sfc];Shortwave Radiation  [sfc];Wind Speed  [10 m above gnd];Wind Direction  [10 m above gnd];Wind Speed  [80 m above gnd];Wind Direction  [80 m above gnd];Wind Speed  [900 mb];Wind Direction  [900 mb];Wind Gust  [sfc]
2018;07;18;00;00;17.49;85.00;1014.70;0.00;0.00;0.00;0.00;0.00;0.00;0.00;0.00;19.08;360.00;25.92;359.20;13.36;265.36;19.44
2018;07;18;01;00;16.94;87.00;1014.80;0.00;0.00;0.00;0.00;0.00;0.00;0.00;0.00;15.16;4.09;20.55;3.01;15.98;247.48;14.76
2018;07;18;02;00;15.97;91.00;1014.40;0.00;0.00;0.00;0.00;0.00;0.00;0.00;0.00;12.32;6.71;18.09;5.71;13.68;243.43;10.08
2018;07;18;03;00;15.26;92.00;1014.30;0.00;0.00;0.00;0.00;0.00;0.00;0.00;0.00;10.14;6.12;14.92;8.33;9.02;241.39;7.20
2018;07;18;04;00;14.81;92.00;1014.10;0.00;0.00;0.00;0.00;0.00;0.00;0.00;0.00;10.44;360.00;15.48;360.00;5.15;257.91;8.28
2018;07;18;05;00;14.59;93.00;1014.30;0.00;0.00;0.00;0.00;0.00;0.00;0.00;0.00;10.82;3.81;16.94;2.44;2.28;251.57;9.36
2018;07;18;06;00;14.39;93.00;1014.30;0.00;0.00;0.00;0.00;0.00;0.00;33.67;0.00;11.21;5.53;19.13;4.32;2.52;180.00;10.08
2018;07;18;07;00;15.49;90.00;1014.80;0.00;0.00;0.00;0.00;0.00;0.00;60.00;12.46;13.76;6.01;21.32;4.84;5.80;172.87;12.60
2018;07;18;08;00;18.51;76.00;1015.10;0.00;0.00;0.00;0.00;0.00;0.00;60.00;153.97;16.45;10.08;16.81;9.87;7.56;180.00;13.68
2018;07;18;09;00;21.42;62.00;1015.10;0.00;0.00;0.00;0.00;0.00;0.00;60.00;339.98;15.98;14.35;14.24;16.14;9.00;180.00;14.04
2018;07;18;10;00;23.61;54.00;1015.20;0.00;0.00;0.00;0.00;0.00;0.00;60.00;521.54;15.28;15.02;13.90;16.56;9.73;177.88;11.88
2018;07;18;11;00;25.31;48.00;1015.10;0.00;0.00;0.00;0.00;0.00;0.00;60.00;679.07;11.97;6.91;9.75;4.24;8.35;172.57;9.00
2018;07;18;12;00;26.94;43.00;1014.90;0.00;0.00;0.00;0.00;0.00;0.00;60.00;805.45;8.65;343.07;7.17;342.47;5.99;147.26;11.16
2018;07;18;13;00;29.55;36.00;1015.40;0.00;0.00;0.00;0.00;0.00;0.00;60.00;890.00;12.57;336.37;11.63;338.20;7.57;25.35;15.48
2018;07;18;14;00;29.52;36.00;1015.50;0.00;0.00;0.00;0.00;0.00;0.00;60.00;924.71;21.75;340.67;22.88;340.71;8.50;53.62;22.68
2018;07;18;15;00;28.49;36.00;1015.60;0.00;0.00;0.00;0.00;0.00;0.00;60.00;908.69;25.87;338.79;27.22;339.89;3.76;73.30;21.24
2018;07;18;16;00;27.71;39.00;1015.40;0.00;0.00;0.00;0.00;0.00;0.00;60.00;843.72;27.61;337.78;29.75;338.71;2.10;30.96;22.32
2018;07;18;17;00;26.50;42.00;1015.30;0.00;0.00;0.00;0.00;0.00;0.00;60.00;735.14;28.70;340.20;31.19;341.15;2.28;71.57;23.40
2018;07;18;18;00;25.07;45.00;1014.90;0.00;0.00;0.00;0.00;0.00;0.00;60.00;587.40;28.59;343.16;31.80;344.23;2.10;120.96;23.76
2018;07;18;19;00;23.49;51.00;1014.80;0.00;0.00;0.00;0.00;0.00;0.00;60.00;412.07;27.18;348.54;30.36;349.76;2.19;170.54;22.32
2018;07;18;20;00;21.20;63.00;1014.70;0.00;0.00;0.00;0.00;0.00;0.00;60.00;223.39;25.76;352.78;30.10;353.13;3.08;200.56;20.88
2018;07;18;21;00;18.54;75.00;1015.10;0.00;0.00;0.00;0.00;0.00;0.00;54.32;48.06;22.75;355.46;29.22;356.47;4.33;228.37;19.80
2018;07;18;22;00;17.57;81.00;1015.70;0.00;0.00;0.00;0.00;0.00;0.00;0.00;0.00;21.60;359.05;30.25;358.64;5.62;230.19;18.72
2018;07;18;23;00;17.16;85.00;1015.90;0.00;0.00;0.00;0.00;0.00;0.00;0.00;0.00;20.88;0.99;29.16;0.71;7.65;221.19;18.00
2018;07;19;00;00;16.92;85.00;1016.40;0.00;0.00;0.00;0.00;0.00;0.00;0.00;0.00;20.24;5.10;28.31;7.31;10.09;214.82;16.20
2018;07;19;01;00;16.47;84.00;1016.50;0.00;0.00;0.00;0.00;0.00;0.00;0.00;0.00;19.42;10.68;28.31;11.74;12.77;220.43;15.48
2018;07;19;02;00;15.42;83.00;1016.10;0.00;0.00;0.00;0.00;0.00;0.00;0.00;0.00;17.90;15.15;25.50;18.95;15.19;216.33;12.96
2018;07;19;03;00;14.42;83.00;1016.20;0.00;0.00;0.00;0.00;0.00;0.00;0.00;0.00;16.74;18.82;25.67;22.25;15.41;217.41;11.88
2018;07;19;04;00;13.70;90.00;1016.00;0.00;0.00;0.00;0.00;0.00;0.00;0.00;0.00;16.07;15.59;25.28;17.40;17.31;225.00;11.16
2018;07;19;05;00;13.26;90.00;1016.10;0.00;0.00;0.00;0.00;0.00;0.00;0.00;0.00;15.73;15.95;25.28;17.40;16.04;225.91;11.16
2018;07;19;06;00;12.96;90.00;1016.30;0.00;0.00;0.00;0.00;0.00;0.00;32.94;0.00;14.69;17.10;25.16;19.21;9.67;225.00;12.24
2018;07;19;07;00;14.24;88.00;1016.90;0.00;0.00;0.00;0.00;0.00;0.00;60.00;12.46;16.28;18.03;24.36;18.97;3.32;257.47;11.52
2018;07;19;08;00;18.00;73.00;1017.10;0.00;0.00;0.00;0.00;0.00;0.00;60.00;153.08;21.86;17.24;25.73;17.93;1.94;338.20;18.72
2018;07;19;09;00;19.90;63.00;1016.90;0.00;0.00;0.00;0.00;0.00;0.00;60.00;341.76;23.49;15.10;25.86;16.16;2.55;8.13;19.08
2018;07;19;10;00;22.08;56.00;1016.90;0.00;0.00;0.00;0.00;0.00;0.00;60.00;524.21;22.03;11.31;23.51;11.48;2.90;29.74;17.64
2018;07;19;11;00;24.43;47.00;1016.50;0.00;0.00;0.00;0.00;0.00;0.00;60.00;682.63;18.13;6.84;18.18;7.97;5.99;32.74;18.36
2018;07;19;12;00;26.19;43.00;1016.40;0.00;0.00;0.00;0.00;0.00;0.00;60.00;809.90;16.58;357.51;16.92;358.78;11.02;38.37;16.20
2018;07;19;13;00;28.68;37.00;1016.50;0.00;0.00;0.00;0.00;0.00;0.00;60.00;898.01;14.47;354.29;14.06;357.06;11.92;28.89;14.04
2018;07;19;14;00;29.29;38.00;1016.20;0.00;0.00;0.00;0.00;0.00;0.00;60.00;931.83;20.48;349.88;20.12;349.70;13.90;36.57;19.44
2018;07;19;15;00;28.32;41.00;1016.00;0.00;0.00;0.00;0.00;0.00;0.00;60.00;914.92;25.35;348.53;26.34;349.77;10.95;43.67;26.28
2018;07;19;16;00;27.51;43.00;1016.00;0.00;0.00;0.00;0.00;0.00;0.00;60.00;849.06;27.50;345.60;29.60;346.64;5.32;28.30;24.84
2018;07;19;17;00;26.46;44.00;1015.80;0.00;0.00;0.00;0.00;0.00;0.00;60.00;739.59;29.87;347.47;32.69;348.57;3.40;302.01;23.40
2018;07;19;18;00;24.94;51.00;1015.50;0.00;0.00;0.00;0.00;0.00;0.00;60.00;589.18;30.36;349.76;33.97;350.24;6.57;279.46;25.92
2018;07;19;19;00;23.37;58.00;1015.40;0.00;0.00;0.00;0.00;0.00;0.00;60.00;412.07;30.14;352.45;34.79;353.46;5.99;302.74;25.20
2018;07;19;20;00;21.32;68.00;1015.60;0.00;0.00;0.00;0.00;0.00;0.00;60.00;222.50;29.74;353.05;35.50;353.60;5.80;7.13;24.84
2018;07;19;21;00;18.83;79.00;1015.70;0.00;0.00;0.00;0.00;0.00;0.00;53.74;47.17;27.87;354.07;35.76;355.38;5.15;24.78;23.76
2018;07;19;22;00;17.65;83.00;1016.40;0.00;0.00;0.00;0.00;0.00;0.00;0.00;0.00;25.92;359.20;33.48;359.38;5.35;317.73;20.88
2018;07;19;23;00;17.38;84.00;1016.80;0.00;0.00;0.00;0.00;0.00;0.00;0.00;0.00;23.42;2.64;31.01;3.33;10.20;312.14;20.16
2018;07;20;00;00;17.21;86.00;1017.20;0.00;0.00;0.00;0.00;0.00;0.00;0.00;0.00;20.19;3.07;28.52;4.34;12.43;349.99;20.88
2018;07;20;01;00;16.86;89.00;1017.20;0.00;0.00;0.00;0.00;0.00;0.00;0.00;0.00;18.42;4.48;26.40;5.48;13.49;350.79;20.16
2018;07;20;02;00;16.28;92.00;1016.90;0.00;0.00;0.00;0.00;0.00;0.00;0.00;0.00;15.16;4.09;23.14;5.36;16.34;352.41;18.36
2018;07;20;03;00;16.19;93.00;1016.70;0.00;0.00;12.00;0.00;0.00;12.00;0.00;0.00;14.06;2.94;23.08;3.58;17.58;349.38;18.00
2018;07;20;04;00;16.17;93.00;1016.50;0.00;0.00;33.00;0.00;0.00;33.00;0.00;0.00;13.32;1.55;22.71;2.73;20.78;345.96;18.00
2018;07;20;05;00;16.04;94.00;1016.40;0.00;0.00;35.00;0.00;0.00;35.00;0.00;0.00;12.96;1.59;22.33;1.85;23.00;342.70;18.00
2018;07;20;06;00;15.96;94.00;1016.30;0.00;0.00;32.00;0.00;0.00;32.00;21.24;0.00;12.61;1.64;21.99;2.82;24.54;345.56;18.36
2018;07;20;07;00;16.62;91.00;1016.60;0.00;0.00;19.00;0.00;0.00;19.00;47.87;10.68;13.32;360.00;20.88;0.99;24.98;344.96;19.44
2018;07;20;08;00;19.54;76.00;1016.80;0.00;0.00;2.00;0.00;0.00;2.00;58.72;147.74;18.72;1.10;21.27;2.91;25.32;345.17;23.40
2018;07;20;09;00;21.61;66.00;1016.60;0.00;0.00;0.00;0.00;0.00;0.00;60.00;332.86;20.52;360.00;22.32;360.00;26.55;344.27;24.12
2018;07;20;10;00;23.39;59.00;1016.70;0.00;0.00;0.00;0.00;0.00;0.00;60.00;513.53;21.61;358.09;22.68;359.09;27.33;347.06;24.84
2018;07;20;11;00;24.87;54.00;1016.30;0.00;0.00;0.00;0.00;0.00;0.00;60.00;672.84;21.75;353.35;22.78;354.56;25.28;349.33;24.12
2018;07;20;12;00;26.16;51.00;1016.00;0.00;0.00;0.00;0.00;0.00;0.00;60.00;801.00;22.88;347.28;23.86;348.69;23.93;353.09;25.20
2018;07;20;13;00;28.43;44.00;1016.50;0.00;0.00;0.00;0.00;0.00;0.00;60.00;883.77;25.23;345.96;26.90;347.64;19.08;1.08;25.20
2018;07;20;14;00;28.78;43.00;1016.20;0.00;0.00;0.00;0.00;0.00;0.00;60.00;921.15;28.14;343.65;30.56;344.98;19.30;8.58;27.36
2018;07;20;15;00;28.47;44.00;1015.90;0.00;0.00;0.00;0.00;0.00;0.00;60.00;906.91;30.74;341.57;33.83;343.30;17.58;10.62;30.24
2018;07;20;16;00;27.88;45.00;1015.70;0.00;0.00;0.00;0.00;0.00;0.00;60.00;840.16;32.45;342.57;36.00;343.74;15.73;15.95;31.32
2018;07;20;17;00;27.01;48.00;1015.50;0.00;0.00;0.00;0.00;0.00;0.00;60.00;729.80;32.93;344.14;37.98;345.17;14.62;9.93;28.08
2018;07;20;18;00;25.91;51.00;1015.20;0.00;0.00;0.00;0.00;0.00;0.00;60.00;580.28;32.65;345.96;38.27;348.06;13.85;8.97;34.20
2018;07;20;19;00;24.26;56.00;1015.00;0.00;0.00;0.00;0.00;0.00;0.00;60.00;404.95;31.71;347.54;37.77;349.01;13.04;6.34;30.24
2018;07;20;20;00;22.01;63.00;1015.30;0.00;0.00;0.00;0.00;0.00;0.00;60.00;218.05;30.72;349.88;37.94;350.72;11.90;3.47;26.64
2018;07;20;21;00;19.49;74.00;1015.50;0.00;0.00;0.00;0.00;0.00;0.00;53.13;45.39;26.88;352.30;35.86;353.66;10.24;349.88;23.76
2018;07;20;22;00;18.83;76.00;1016.20;0.00;0.00;0.00;0.00;0.00;0.00;0.00;0.00;25.58;357.58;34.92;359.41;11.72;349.38;25.92
2018;07;20;23;00;18.60;75.00;1016.40;0.00;0.00;0.00;0.00;0.00;0.00;0.00;0.00;23.77;1.74;32.83;3.77;11.18;356.31;30.60
2018;07;21;00;00;18.03;75.00;1016.80;0.00;0.00;0.00;0.00;0.00;0.00;0.00;0.00;21.71;5.71;31.21;7.29;9.01;2.29;24.12
2018;07;21;01;00;17.23;78.00;1016.90;0.00;0.00;0.00;0.00;0.00;0.00;0.00;0.00;20.67;7.00;29.89;9.01;9.36;360.00;18.00
2018;07;21;02;00;16.42;83.00;1016.50;0.00;0.00;0.00;0.00;0.00;0.00;0.00;0.00;19.60;7.39;29.12;8.53;9.39;4.40;16.92
2018;07;21;03;00;15.87;88.00;1016.40;0.00;0.00;0.00;0.00;0.00;0.00;0.00;0.00;18.81;5.49;27.95;7.40;7.99;7.77;15.48
2018;07;21;04;00;15.43;91.00;1015.30;0.00;0.00;0.00;0.00;0.00;0.00;0.00;0.00;16.58;2.49;26.34;3.92;6.48;360.00;19.44
2018;07;21;05;00;15.30;92.00;1015.50;0.00;0.00;0.00;0.00;0.00;0.00;0.00;0.00;15.84;360.00;25.22;2.45;5.80;352.87;18.36
2018;07;21;06;00;15.19;93.00;1015.10;0.00;0.00;1.00;0.00;0.00;1.00;31.11;0.00;14.76;1.40;24.14;2.56;6.92;8.97;22.32
2018;07;21;07;00;15.93;91.00;1015.00;0.00;0.00;15.00;0.00;0.00;15.00;50.43;10.68;15.14;2.73;23.08;3.58;7.29;20.22;13.32
2018;07;21;08;00;19.06;76.00;1015.60;0.00;0.00;0.00;0.00;0.00;0.00;60.00;149.52;19.13;4.32;21.35;5.81;7.09;23.96;23.76
2018;07;21;09;00;21.23;66.00;1015.30;0.00;0.00;0.00;0.00;0.00;0.00;60.00;336.42;20.93;3.95;22.01;3.75;8.71;29.74;19.44
2018;07;21;10;00;23.67;58.00;1015.20;0.00;0.00;0.00;0.00;0.00;0.00;60.00;517.98;19.08;1.08;19.08;1.08;12.50;41.50;19.44
2018;07;21;11;00;26.31;50.00;1014.80;0.00;0.00;0.00;0.00;0.00;0.00;60.00;675.51;16.56;360.00;15.84;360.00;16.06;42.27;15.84
2018;07;21;12;00;28.85;44.00;1014.70;0.00;0.00;0.00;0.00;0.00;0.00;60.00;802.78;18.09;354.29;18.39;356.63;17.85;48.27;16.56
2018;07;21;13;00;29.21;40.00;1015.50;0.00;0.00;0.00;0.00;0.00;0.00;60.00;891.78;20.70;346.93;20.97;348.11;9.69;41.99;19.08
2018;07;21;14;00;29.39;40.00;1015.10;0.00;0.00;0.00;0.00;0.00;0.00;60.00;927.38;23.34;342.96;24.28;344.52;10.38;33.69;21.60
2018;07;21;15;00;29.22;41.00;1015.00;0.00;0.00;0.00;0.00;0.00;0.00;60.00;911.36;26.53;341.81;28.59;343.16;9.23;20.56;23.76
2018;07;21;16;00;28.34;43.00;1014.40;0.00;0.00;0.00;0.00;0.00;0.00;60.00;844.61;29.94;341.78;33.14;342.94;8.53;27.65;25.56
2018;07;21;17;00;27.42;44.00;1013.90;0.00;0.00;0.00;0.00;0.00;0.00;60.00;733.36;32.59;343.97;36.76;345.83;6.99;34.51;27.00
2018;07;21;18;00;26.02;48.00;1013.70;0.00;0.00;0.00;0.00;0.00;0.00;60.00;582.95;32.40;345.19;36.76;345.83;5.32;28.30;25.92
2018;07;21;19;00;24.37;53.00;1013.20;0.00;0.00;0.00;0.00;0.00;0.00;60.00;405.84;31.63;348.18;36.64;349.24;6.29;13.24;25.56
2018;07;21;20;00;22.46;61.00;1013.40;0.00;0.00;0.00;0.00;0.00;0.00;60.00;217.16;30.19;351.77;36.30;352.59;8.89;31.76;24.84
2018;07;21;21;00;19.78;74.00;1013.80;0.00;0.00;0.00;0.00;0.00;0.00;52.49;44.50;28.16;355.60;36.78;356.63;7.10;30.47;21.96
2018;07;21;22;00;19.19;79.00;1014.10;0.00;0.00;0.00;0.00;0.00;0.00;0.00;0.00;27.73;1.49;36.75;2.25;4.69;327.53;21.96
2018;07;21;23;00;18.92;81.00;1014.10;0.00;0.00;0.00;0.00;0.00;0.00;0.00;0.00;25.76;7.22;35.04;9.46;5.69;304.70;20.16
2018;07;22;00;00;18.55;82.00;1014.70;0.00;0.00;0.00;0.00;0.00;0.00;0.00;0.00;24.22;11.14;33.54;12.40;2.62;344.05;18.36
2018;07;22;01;00;18.00;84.00;1014.80;0.00;0.00;0.00;0.00;0.00;0.00;0.00;0.00;23.51;11.48;32.49;12.80;3.32;12.53;17.28
2018;07;22;02;00;17.47;84.00;1014.40;0.00;0.00;0.00;0.00;0.00;0.00;0.00;0.00;22.67;10.06;32.34;11.56;2.52;360.00;16.56
2018;07;22;03;00;16.97;85.00;1014.40;0.00;0.00;0.00;0.00;0.00;0.00;0.00;0.00;21.19;9.78;30.43;10.91;1.48;345.96;15.12
2018;07;22;04;00;16.26;89.00;1013.90;0.00;0.00;0.00;0.00;0.00;0.00;0.00;0.00;18.84;6.58;27.24;7.59;2.74;293.20;13.68
2018;07;22;05;00;15.89;91.00;1013.70;0.00;0.00;0.00;0.00;0.00;0.00;0.00;0.00;17.02;6.07;25.41;7.33;4.20;300.96;13.32
2018;07;22;06;00;15.57;92.00;1013.80;0.00;0.00;0.00;0.00;0.00;0.00;30.69;0.00;16.04;9.04;24.80;9.19;4.84;318.01;12.60
2018;07;22;07;00;16.19;88.00;1013.90;0.00;0.00;0.00;0.00;0.00;0.00;60.00;9.79;16.39;8.84;23.38;9.75;5.35;317.73;12.60
2018;07;22;08;00;19.05;73.00;1013.90;0.00;0.00;0.00;0.00;0.00;0.00;60.00;144.18;19.35;9.64;20.90;10.92;6.30;329.04;16.20
2018;07;22;09;00;21.47;62.00;1014.00;0.00;0.00;0.00;0.00;0.00;0.00;60.00;330.19;19.60;7.39;20.01;8.28;6.15;339.44;16.20
2018;07;22;10;00;23.81;53.00;1013.90;0.00;0.00;0.00;0.00;0.00;0.00;60.00;511.75;18.39;3.37;18.42;4.48;4.90;342.90;14.76
2018;07;22;11;00;25.97;46.00;1013.50;0.00;0.00;0.00;0.00;0.00;0.00;60.00;670.17;17.28;360.00;16.58;2.49;3.24;360.00;13.68
2018;07;22;12;00;27.76;42.00;1013.50;0.00;0.00;0.00;0.00;0.00;0.00;60.00;797.44;16.70;352.57;16.34;352.41;2.28;18.43;14.76
2018;07;22;13;00;28.76;42.00;1013.80;0.00;0.00;0.00;0.00;0.00;0.00;60.00;883.77;19.49;334.86;19.81;335.30;3.05;45.00;19.08
2018;07;22;14;00;28.75;42.00;1013.50;0.00;0.00;0.00;0.00;0.00;0.00;60.00;919.37;23.19;334.23;24.80;334.18;0.00;180.00;21.24
2018;07;22;15;00;28.18;44.00;1013.70;0.00;0.00;0.00;0.00;0.00;0.00;60.00;904.24;26.73;332.74;28.82;334.08;3.32;229.40;22.32
2018;07;22;16;00;27.31;47.00;1013.40;0.00;0.00;0.00;0.00;0.00;0.00;60.00;838.38;27.38;331.75;29.78;333.43;6.88;227.12;23.76
2018;07;22;17;00;26.33;48.00;1013.30;0.00;0.00;0.00;0.00;0.00;0.00;60.00;728.02;27.21;332.42;30.27;334.65;8.16;221.42;24.12
2018;07;22;18;00;25.01;51.00;1012.80;0.00;0.00;0.00;0.00;0.00;0.00;60.00;579.39;26.58;335.17;29.02;336.61;8.59;213.02;21.96
2018;07;22;19;00;23.15;59.00;1012.50;0.00;0.00;0.00;0.00;0.00;0.00;60.00;403.17;24.94;339.73;28.36;339.95;7.70;217.41;23.04
2018;07;22;20;00;20.64;67.00;1013.10;0.00;0.00;0.00;0.00;0.00;0.00;60.00;215.38;22.21;343.03;25.17;343.38;6.79;237.99;21.24
2018;07;22;21;00;17.58;80.00;1013.60;0.00;0.00;0.00;0.00;0.00;0.00;51.82;42.72;17.77;353.02;18.73;357.80;6.62;247.62;17.64
2018;07;22;22;00;16.34;86.00;1014.20;0.00;0.00;0.00;0.00;0.00;0.00;0.00;0.00;14.11;354.14;16.94;357.56;6.30;239.04;14.04
2018;07;22;23;00;15.59;89.00;1014.50;0.00;0.00;0.00;0.00;0.00;0.00;0.00;0.00;11.18;356.31;19.09;357.84;6.64;229.40;11.52
2018;07;23;00;00;14.73;93.00;1015.00;0.00;0.00;0.00;0.00;0.00;0.00;0.00;0.00;8.64;360.00;19.11;356.76;8.09;212.28;7.20
2018;07;23;01;00;13.90;96.00;1015.00;0.00;0.00;0.00;0.00;0.00;0.00;0.00;0.00;6.92;8.97;10.45;358.03;10.37;200.32;5.04
2018;07;23;02;00;13.59;97.00;1014.40;0.00;0.00;0.00;0.00;0.00;0.00;0.00;0.00;6.15;20.56;0.80;333.43;11.53;194.47;6.48
2018;07;23;03;00;14.08;96.00;1014.50;0.00;0.00;1.00;0.00;0.00;1.00;0.00;0.00;4.33;41.63;5.76;180.00;12.14;191.98;4.32
2018;07;23;04;00;13.86;96.00;1014.50;0.00;0.00;1.00;0.00;0.00;1.00;0.00;0.00;4.10;37.87;6.84;180.00;12.02;188.62;8.64
2018;07;23;05;00;13.55;96.00;1014.40;0.00;0.00;0.00;0.00;0.00;0.00;0.00;0.00;5.00;30.26;3.76;163.30;11.53;181.79;5.40
2018;07;23;06;00;12.97;98.00;1014.70;0.00;0.00;0.00;0.00;0.00;0.00;0.00;0.00;5.50;31.61;1.02;45.00;10.54;172.15;2.52
2018;07;23;07;00;13.66;92.00;1015.10;0.00;0.00;0.00;0.00;0.00;0.00;29.91;8.90;6.64;40.60;4.07;45.00;12.60;180.00;9.00
2018;07;23;08;00;17.50;73.00;1015.20;0.00;0.00;0.00;0.00;0.00;0.00;60.00;144.18;5.99;32.74;7.90;43.15;13.04;186.34;13.32
2018;07;23;09;00;21.33;62.00;1015.30;0.00;0.00;0.00;0.00;0.00;0.00;60.00;331.08;5.45;82.41;5.76;90.00;12.26;183.37;6.84
2018;07;23;10;00;23.36;57.00;1015.50;0.00;0.00;0.00;0.00;0.00;0.00;60.00;512.64;4.69;147.53;4.69;147.53;11.88;180.00;7.56
2018;07;23;11;00;24.65;54.00;1015.50;0.00;0.00;0.00;0.00;0.00;0.00;60.00;671.06;5.80;209.74;4.51;208.61;12.50;168.37;8.28
2018;07;23;12;00;25.04;54.00;1015.50;0.00;0.00;0.00;0.00;0.00;0.00;60.00;798.33;10.80;233.13;10.09;235.18;12.40;154.18;11.52
2018;07;23;13;00;28.47;42.00;1015.80;0.00;0.00;0.00;0.00;0.00;0.00;60.00;881.99;11.87;255.96;11.28;253.30;7.64;135.00;11.16
2018;07;23;14;00;29.46;38.00;1015.60;0.00;0.00;0.00;0.00;0.00;0.00;60.00;918.48;15.38;290.56;15.32;293.55;9.42;136.55;16.92
2018;07;23;15;00;29.15;37.00;1015.80;0.00;0.00;0.00;0.00;0.00;0.00;60.00;903.35;22.49;309.81;24.49;311.42;10.97;138.99;19.44
2018;07;23;16;00;28.44;37.00;1015.50;0.00;0.00;0.00;0.00;0.00;0.00;60.00;837.49;26.52;318.30;29.91;320.37;9.34;152.45;22.68
2018;07;23;17;00;27.22;39.00;1015.50;0.00;0.00;0.00;0.00;0.00;0.00;60.00;727.13;30.19;329.15;35.11;331.86;7.86;164.05;26.64
2018;07;23;18;00;25.53;44.00;1015.40;0.00;0.00;0.00;0.00;0.00;0.00;60.00;577.61;29.69;337.17;32.62;337.96;7.95;185.19;25.92
2018;07;23;19;00;23.65;49.00;1015.30;0.00;0.00;0.00;0.00;0.00;0.00;60.00;402.28;29.04;342.69;33.14;342.94;9.83;203.75;25.56
2018;07;23;20;00;21.30;60.00;1015.50;0.00;0.00;0.00;0.00;0.00;0.00;60.00;214.49;27.33;347.06;33.54;347.60;10.70;222.27;24.48
2018;07;23;21;00;18.77;72.00;1015.80;0.00;0.00;0.00;0.00;0.00;0.00;51.12;41.83;23.86;348.69;32.97;349.30;9.36;247.38;21.60
2018;07;23;22;00;17.96;77.00;1016.60;0.00;0.00;0.00;0.00;0.00;0.00;0.00;0.00;21.84;351.47;31.62;352.15;7.42;255.96;18.72
2018;07;23;23;00;17.37;82.00;1016.60;0.00;0.00;0.00;0.00;0.00;0.00;0.00;0.00;19.65;351.57;29.07;352.17;6.49;250.56;16.56
2018;07;24;00;00;16.84;86.00;1017.20;0.00;0.00;0.00;0.00;0.00;0.00;0.00;0.00;16.75;351.35;26.53;352.20;5.82;248.20;15.12
2018;07;24;01;00;16.26;90.00;1017.30;0.00;0.00;0.00;0.00;0.00;0.00;0.00;0.00;14.87;353.05;24.65;353.29;5.09;278.13;17.28
2018;07;24;02;00;15.62;92.00;1016.60;0.00;0.00;0.00;0.00;0.00;0.00;0.00;0.00;12.29;354.96;23.14;354.64;7.20;306.87;15.84
2018;07;24;03;00;15.15;93.00;1016.50;0.00;0.00;0.00;0.00;0.00;0.00;0.00;0.00;11.57;354.64;22.03;355.31;8.44;309.81;15.84
2018;07;24;04;00;14.84;93.00;1016.30;0.00;0.00;27.00;0.00;0.00;27.00;0.00;0.00;10.82;356.19;20.93;356.05;10.74;320.44;15.84
2018;07;24;05;00;15.49;92.00;1016.80;0.00;0.00;100.00;0.00;0.00;100.00;0.00;0.00;9.03;355.43;17.73;354.17;13.61;322.52;15.84
2018;07;24;06;00;14.72;92.00;1016.70;0.00;0.00;100.00;0.00;0.00;100.00;0.00;0.00;8.29;357.51;15.84;360.00;16.08;325.95;18.00
2018;07;24;07;00;15.71;86.00;1016.80;0.00;0.00;100.00;0.00;0.00;100.00;0.00;8.90;7.20;360.00;14.04;358.53;16.75;331.78;17.28
2018;07;24;08;00;18.27;79.00;1017.20;0.00;0.00;12.00;0.00;0.00;12.00;52.34;143.29;9.73;357.88;11.17;358.15;16.60;335.66;14.40
2018;07;24;09;00;20.71;68.00;1017.30;0.00;0.00;0.00;0.00;0.00;0.00;60.00;331.97;9.11;350.91;9.53;349.11;17.58;337.11;12.60
2018;07;24;10;00;23.11;51.00;1017.00;0.00;0.00;0.00;0.00;0.00;0.00;60.00;514.42;11.73;342.12;13.10;344.05;18.79;339.83;12.24
2018;07;24;11;00;24.76;43.00;1016.60;0.00;0.00;0.00;0.00;0.00;0.00;60.00;674.62;13.10;339.08;14.35;342.47;17.42;341.94;15.84
2018;07;24;12;00;26.05;39.00;1016.50;0.00;0.00;0.00;0.00;0.00;0.00;60.00;802.78;16.79;329.04;17.87;332.40;16.17;343.18;16.92
2018;07;24;13;00;28.00;41.00;1016.40;0.00;0.00;0.00;0.00;0.00;0.00;60.00;884.66;14.81;334.06;14.84;337.17;11.09;13.13;17.64
2018;07;24;14;00;28.18;42.00;1016.30;0.00;0.00;0.00;0.00;0.00;0.00;60.00;920.26;21.58;332.15;22.86;333.84;11.04;19.03;23.04
2018;07;24;15;00;27.34;44.00;1016.70;0.00;0.00;0.00;0.00;0.00;0.00;60.00;905.13;27.37;333.43;29.64;335.61;5.15;12.09;21.60
2018;07;24;16;00;26.08;48.00;1016.00;0.00;0.00;0.00;0.00;0.00;0.00;60.00;840.16;29.64;335.61;32.90;336.80;2.97;284.04;23.40
2018;07;24;17;00;25.18;52.00;1015.90;0.00;0.00;0.00;0.00;0.00;0.00;60.00;729.80;29.88;338.07;33.71;340.02;3.76;253.30;23.40
2018;07;24;18;00;23.85;58.00;1015.90;0.00;0.00;0.00;0.00;0.00;0.00;60.00;579.39;29.04;340.44;33.59;342.54;4.39;235.01;23.04
2018;07;24;19;00;22.47;64.00;1015.30;0.00;0.00;0.00;0.00;0.00;0.00;60.00;402.28;27.90;342.73;32.49;344.58;4.33;228.37;21.96
2018;07;24;20;00;20.50;73.00;1015.30;0.00;0.00;0.00;0.00;0.00;0.00;60.00;212.71;26.63;346.72;32.49;347.20;2.52;270.00;20.88
2018;07;24;21;00;18.48;84.00;1015.80;0.00;0.00;0.00;0.00;0.00;0.00;50.40;40.05;22.45;347.97;30.85;348.56;3.55;336.04;20.16
2018;07;24;22;00;18.23;86.00;1016.30;0.00;0.00;0.00;0.00;0.00;0.00;0.00;0.00;20.77;351.03;29.78;352.36;4.45;14.04;19.08
2018;07;24;23;00;17.95;89.00;1016.10;0.00;0.00;0.00;0.00;0.00;0.00;0.00;0.00;19.20;353.54;28.59;354.22;3.32;40.60;18.00
2018;07;25;00;00;17.55;91.00;1016.20;0.00;0.00;0.00;0.00;0.00;0.00;0.00;0.00;18.06;355.43;26.70;356.13;1.61;63.43;17.28
2018;07;25;01;00;16.94;92.00;1016.40;0.00;0.00;1.00;0.00;0.00;1.00;0.00;0.00;18.06;355.43;27.04;356.95;0.72;360.00;16.92
2018;07;25;02;00;16.35;94.00;1015.70;0.00;0.00;0.00;0.00;0.00;0.00;0.00;0.00;16.24;356.19;25.60;356.78;2.41;333.43;12.96
2018;07;25;03;00;15.86;94.00;1015.50;0.00;0.00;0.00;0.00;0.00;0.00;0.00;0.00;14.08;355.60;24.55;355.79;3.10;324.46;12.24
2018;07;25;04;00;15.19;94.00;1015.50;0.00;0.00;0.00;0.00;0.00;0.00;0.00;0.00;12.62;356.73;22.01;356.25;4.39;325.01;11.16
2018;07;25;05;00;14.24;94.00;1015.60;0.00;0.00;0.00;0.00;0.00;0.00;0.00;0.00;10.14;353.88;19.49;355.76;4.20;329.04;9.36
2018;07;25;06;00;13.79;93.00;1015.50;0.00;0.00;0.00;0.00;0.00;0.00;0.00;0.00;9.37;357.80;16.20;358.73;4.51;331.39;9.72
2018;07;25;07;00;13.95;93.00;1016.00;0.00;0.00;0.00;0.00;0.00;0.00;28.35;8.01;8.28;360.00;15.84;360.00;4.68;337.38;10.08
2018;07;25;08;00;17.65;77.00;1016.30;0.00;0.00;0.00;0.00;0.00;0.00;60.00;140.62;12.25;1.68;11.54;3.58;5.15;335.22;12.24
2018;07;25;09;00;20.30;65.00;1016.10;0.00;0.00;0.00;0.00;0.00;0.00;60.00;329.30;14.97;9.69;14.69;11.31;5.69;341.57;11.88
2018;07;25;10;00;22.46;58.00;1016.00;0.00;0.00;0.00;0.00;0.00;0.00;60.00;511.75;16.75;8.65;16.81;9.87;5.35;340.35;13.68
2018;07;25;11;00;23.91;53.00;1015.70;0.00;0.00;0.00;0.00;0.00;0.00;60.00;671.06;16.56;1.25;15.50;2.66;4.02;349.70;12.96
2018;07;25;12;00;24.91;51.00;1015.50;0.10;0.00;0.00;0.00;0.00;0.00;60.00;799.22;17.23;349.16;16.52;348.69;5.01;21.04;14.04
2018;07;25;13;00;27.31;45.00;1015.60;0.00;0.00;0.00;0.00;0.00;0.00;60.00;884.66;21.07;343.11;21.76;343.66;9.18;25.56;19.80
2018;07;25;14;00;27.24;45.00;1015.60;0.00;0.00;0.00;0.00;0.00;0.00;60.00;920.26;24.25;341.83;25.52;343.61;6.76;25.20;19.80
2018;07;25;15;00;27.16;45.00;1015.10;0.00;0.00;0.00;0.00;0.00;0.00;60.00;905.13;25.54;338.50;27.56;340.14;4.20;30.96;20.88
2018;07;25;16;00;26.58;45.00;1014.90;0.00;0.00;0.00;0.00;0.00;0.00;60.00;838.38;28.28;338.33;30.63;340.07;1.08;360.00;23.04
2018;07;25;17;00;25.69;47.00;1014.70;0.00;0.00;0.00;0.00;0.00;0.00;60.00;728.02;30.30;339.84;33.47;341.18;2.19;260.54;24.12
2018;07;25;18;00;24.44;51.00;1014.40;0.00;0.00;0.00;0.00;0.00;0.00;60.00;577.61;30.85;340.93;35.18;342.12;3.55;246.04;23.76
2018;07;25;19;00;22.80;58.00;1014.20;0.00;0.00;0.00;0.00;0.00;0.00;60.00;400.50;30.52;342.85;35.90;344.29;5.32;241.70;24.12
2018;07;25;20;00;20.82;70.00;1014.70;0.00;0.00;0.00;0.00;0.00;0.00;60.00;210.93;29.52;344.44;36.50;345.14;6.92;242.10;23.04
2018;07;25;21;00;18.44;80.00;1015.00;0.00;0.00;0.00;0.00;0.00;0.00;49.64;39.16;26.28;346.53;35.46;347.09;6.62;247.62;21.96
2018;07;25;22;00;17.38;83.00;1015.20;0.00;0.00;0.00;0.00;0.00;0.00;0.00;0.00;24.22;348.86;32.85;350.54;3.42;251.57;19.80
2018;07;25;23;00;16.93;84.00;1015.50;0.00;0.00;0.00;0.00;0.00;0.00;0.00;0.00;20.96;355.07;29.57;356.51;0.51;315.00;17.64
2018;07;26;00;00;16.54;89.00;1015.80;0.00;0.00;3.00;0.00;0.00;3.00;0.00;0.00;17.28;358.81;25.93;358.41;0.80;63.43;13.32
2018;07;26;01;00;16.22;91.00;1015.30;0.00;0.00;3.00;0.00;0.00;3.00;0.00;0.00;15.48;360.00;24.48;360.00;1.08;90.00;11.88
2018;07;26;02;00;15.84;93.00;1015.00;0.00;0.00;3.00;0.00;0.00;3.00;0.00;0.00;13.32;1.55;23.78;2.60;0.72;90.00;11.52
2018;07;26;03;00;15.58;93.00;1014.90;0.00;0.00;1.00;0.00;0.00;1.00;0.00;0.00;12.62;3.27;22.01;3.75;2.41;26.57;10.08
2018;07;26;04;00;15.36;93.00;1014.30;0.00;0.00;2.00;0.00;0.00;2.00;0.00;0.00;13.32;1.55;22.01;3.75;4.45;14.04;11.16
2018;07;26;05;00;15.17;93.00;1014.40;0.00;0.00;4.00;0.00;0.00;4.00;0.00;0.00;12.65;4.90;21.39;6.77;5.59;14.93;11.16
2018;07;26;06;00;14.76;93.00;1014.50;0.00;0.00;4.00;0.00;0.00;4.00;0.00;0.00;11.66;8.88;20.83;9.95;5.45;7.59;11.16
2018;07;26;07;00;15.18;92.00;1014.80;0.00;0.00;4.00;0.00;0.00;4.00;26.38;7.12;12.07;10.30;20.62;12.09;4.80;12.99;10.08
2018;07;26;08;00;18.78;76.00;1015.20;0.00;0.00;0.00;0.00;0.00;0.00;60.00;138.84;17.16;9.66;19.35;9.64;5.15;24.78;14.04
2018;07;26;09;00;21.15;66.00;1015.00;0.00;0.00;3.00;0.00;0.00;3.00;58.09;326.63;17.46;8.30;17.52;9.46;5.69;18.43;13.68
2018;07;26;10;00;23.17;58.00;1015.10;0.00;0.00;0.00;0.00;0.00;0.00;60.00;507.30;16.81;9.87;16.17;11.56;8.43;19.98;15.12
2018;07;26;11;00;24.77;53.00;1015.00;0.00;0.00;0.00;0.00;0.00;0.00;60.00;665.72;16.34;7.59;15.33;9.46;12.64;19.98;15.12
2018;07;26;12;00;26.06;49.00;1014.70;0.00;0.00;0.00;0.00;0.00;0.00;60.00;794.77;15.86;357.40;14.06;357.06;16.60;24.34;15.84
2018;07;26;13;00;28.74;44.00;1014.60;0.00;0.00;0.00;0.00;0.00;0.00;60.00;876.65;17.23;349.16;16.81;350.13;17.82;45.00;17.64
2018;07;26;14;00;28.73;44.00;1014.30;0.00;0.00;0.00;0.00;0.00;0.00;60.00;911.36;22.77;341.57;23.11;341.85;18.08;45.81;22.68
2018;07;26;15;00;28.06;44.00;1014.30;0.00;0.00;0.00;0.00;0.00;0.00;60.00;895.34;27.10;343.01;29.28;343.57;20.37;43.57;25.56
2018;07;26;16;00;27.30;45.00;1014.20;0.00;0.00;0.00;0.00;0.00;0.00;60.00;828.59;30.41;343.50;33.18;344.91;14.11;37.75;28.08
2018;07;26;17;00;26.53;45.00;1014.00;0.00;0.00;0.00;0.00;0.00;0.00;60.00;718.23;32.31;345.81;35.97;346.10;8.47;12.26;27.00
2018;07;26;18;00;25.27;49.00;1013.60;0.00;0.00;0.00;0.00;0.00;0.00;60.00;568.71;32.69;348.57;37.35;349.45;8.31;4.97;27.36
2018;07;26;19;00;23.76;55.00;1013.60;0.00;0.00;0.00;0.00;0.00;0.00;60.00;393.38;31.78;350.22;36.81;351.00;11.49;32.20;27.00
2018;07;26;20;00;21.46;67.00;1013.80;0.00;0.00;0.00;0.00;0.00;0.00;60.00;205.59;30.96;351.30;38.18;351.87;10.97;41.01;26.64
2018;07;26;21;00;19.16;79.00;1014.20;0.00;0.00;0.00;0.00;0.00;0.00;48.86;36.49;28.27;353.42;37.22;355.01;6.92;351.03;23.76
2018;07;26;22;00;18.33;84.00;1015.00;0.00;0.00;0.00;0.00;0.00;0.00;0.00;0.00;25.98;356.03;35.69;357.11;7.65;318.81;22.68
2018;07;26;23;00;17.87;84.00;1014.90;0.00;0.00;0.00;0.00;0.00;0.00;0.00;0.00;24.48;360.00;32.76;0.63;7.52;16.70;23.04
2018;07;27;00;00;17.44;85.00;1015.40;0.00;0.00;0.00;0.00;0.00;0.00;0.00;0.00;22.37;3.69;31.09;5.31;4.02;10.30;23.04
2018;07;27;01;00;17.14;86.00;1015.30;0.00;0.00;0.00;0.00;0.00;0.00;0.00;0.00;21.03;6.88;30.19;8.23;0.72;270.00;14.76
2018;07;27;02;00;16.61;89.00;1014.40;0.00;0.00;0.00;0.00;0.00;0.00;0.00;0.00;19.65;8.43;28.59;10.89;2.16;270.00;13.32
2018;07;27;03;00;15.98;91.00;1014.00;0.00;0.00;0.00;0.00;0.00;0.00;0.00;0.00;17.46;8.30;26.34;10.23;2.10;300.96;12.60
2018;07;27;04;00;15.57;92.00;1013.80;0.00;0.00;0.00;0.00;0.00;0.00;0.00;0.00;16.04;9.04;24.15;10.30;4.10;344.74;12.60
2018;07;27;05;00;14.99;92.00;1013.40;0.00;0.00;0.00;0.00;0.00;0.00;0.00;0.00;15.04;11.04;23.09;10.78;4.32;360.00;11.88
2018;07;27;06;00;14.60;92.00;1013.20;0.00;0.00;0.00;0.00;0.00;0.00;0.00;0.00;13.91;10.44;21.96;10.39;3.96;360.00;11.16
2018;07;27;07;00;15.15;91.00;1013.90;0.00;0.00;0.00;0.00;0.00;0.00;26.76;6.23;13.44;7.70;20.77;8.97;2.90;352.87;10.80
2018;07;27;08;00;18.67;77.00;1014.10;0.00;0.00;0.00;0.00;0.00;0.00;60.00;135.28;16.34;7.59;15.68;9.25;2.97;345.96;12.24
2018;07;27;09;00;21.34;64.00;1014.00;0.00;0.00;0.00;0.00;0.00;0.00;60.00;323.07;17.46;8.30;16.81;9.87;3.89;326.31;13.68
2018;07;27;10;00;23.88;55.00;1014.20;0.00;0.00;0.00;0.00;0.00;0.00;60.00;504.63;17.41;7.13;17.11;8.47;3.88;338.20;13.32
2018;07;27;11;00;25.94;49.00;1014.00;0.00;0.00;0.00;0.00;0.00;0.00;60.00;663.05;16.95;3.65;16.24;3.81;4.02;349.70;12.96
2018;07;27;12;00;27.92;44.00;1013.60;0.00;0.00;0.00;0.00;0.00;0.00;60.00;792.10;17.41;352.87;16.98;355.14;4.38;350.54;15.12
2018;07;27;13;00;30.60;38.00;1013.70;0.00;0.00;0.00;0.00;0.00;0.00;60.00;876.65;17.38;346.83;17.23;349.16;9.35;15.64;16.56
2018;07;27;14;00;30.56;38.00;1013.80;0.00;0.00;0.00;0.00;0.00;0.00;60.00;912.25;22.21;343.03;22.80;344.43;7.24;5.71;19.80
2018;07;27;15;00;29.54;41.00;1013.80;0.00;0.00;0.00;0.00;0.00;0.00;60.00;898.01;26.08;339.81;27.90;340.40;5.86;312.51;22.32
2018;07;27;16;00;28.53;43.00;1013.50;0.00;0.00;0.00;0.00;0.00;0.00;60.00;833.04;27.48;338.48;30.51;340.71;8.29;304.38;24.48
2018;07;27;17;00;27.48;43.00;1013.50;0.00;0.00;0.00;0.00;0.00;0.00;60.00;724.46;28.82;339.53;31.99;340.95;10.23;309.29;27.36
2018;07;27;18;00;25.73;44.00;1013.60;0.00;0.00;0.00;0.00;0.00;0.00;60.00;574.94;29.49;342.23;33.48;343.12;11.81;307.57;30.60
2018;07;27;19;00;23.30;50.00;1013.70;0.00;0.00;0.00;0.00;0.00;0.00;60.00;398.72;30.04;346.13;35.11;346.96;12.74;317.29;28.08
2018;07;27;20;00;20.44;62.00;1014.30;0.00;0.00;0.00;0.00;0.00;0.00;60.00;209.15;28.95;349.25;35.81;350.16;14.48;325.12;28.08
2018;07;27;21;00;17.27;82.00;1015.00;0.00;0.00;0.00;0.00;0.00;0.00;48.05;37.38;26.88;352.30;35.14;353.53;13.85;332.10;24.84
2018;07;27;22;00;16.89;81.00;1015.50;0.00;0.00;0.00;0.00;0.00;0.00;0.00;0.00;25.24;356.73;33.14;358.13;10.37;339.68;22.68
2018;07;27;23;00;16.31;83.00;1015.40;0.00;0.00;0.00;0.00;0.00;0.00;0.00;0.00;23.40;360.00;30.97;1.33;7.75;338.20;19.80
2018;07;28;00;00;15.88;83.00;1015.80;0.00;0.00;0.00;0.00;0.00;0.00;0.00;0.00;20.99;5.91;29.43;7.73;6.12;331.93;16.92
2018;07;28;01;00;15.37;83.00;1016.00;0.00;0.00;0.00;0.00;0.00;0.00;0.00;0.00;19.65;8.43;28.59;10.89;6.13;319.76;15.12
2018;07;28;02;00;14.77;82.00;1015.50;0.00;0.00;0.00;0.00;0.00;0.00;0.00;0.00;18.71;11.09;29.25;13.52;6.13;319.76;14.40
2018;07;28;03;00;14.03;83.00;1015.60;0.00;0.00;0.00;0.00;0.00;0.00;0.00;0.00;16.45;10.08;27.33;12.94;7.15;319.09;13.32
2018;07;28;04;00;13.26;86.00;1015.20;0.00;0.00;0.00;0.00;0.00;0.00;0.00;0.00;14.92;8.33;25.70;11.31;8.71;321.71;13.68
2018;07;28;05;00;13.04;87.00;1015.40;0.00;0.00;0.00;0.00;0.00;0.00;0.00;0.00;13.80;7.50;25.70;11.31;7.90;329.93;13.68
2018;07;28;06;00;12.79;87.00;1015.20;0.00;0.00;0.00;0.00;0.00;0.00;0.00;0.00;12.73;8.13;23.73;9.61;6.62;337.62;12.96
2018;07;28;07;00;12.75;88.00;1015.50;0.00;0.00;0.00;0.00;0.00;0.00;25.95;6.23;10.24;10.12;19.00;9.82;5.01;338.96;11.16
2018;07;28;08;00;16.95;73.00;1016.10;0.00;0.00;0.00;0.00;0.00;0.00;60.00;137.95;13.49;9.21;14.62;9.93;4.02;349.70;12.60
2018;07;28;09;00;20.29;59.00;1016.20;0.00;0.00;0.00;0.00;0.00;0.00;60.00;329.30;15.88;3.90;15.88;3.90;4.33;355.24;13.68
2018;07;28;10;00;23.17;49.00;1015.90;0.00;0.00;0.00;0.00;0.00;0.00;60.00;515.31;16.24;3.81;16.66;6.20;5.86;10.62;13.32
2018;07;28;11;00;25.56;41.00;1015.60;0.00;0.00;0.00;0.00;0.00;0.00;60.00;676.40;15.91;5.19;16.34;7.59;8.22;28.81;14.04
2018;07;28;12;00;27.65;37.00;1015.40;0.00;0.00;0.00;0.00;0.00;0.00;60.00;805.45;15.48;360.00;15.88;3.90;14.02;41.88;13.68
2018;07;28;13;00;29.17;36.00;1015.50;0.00;0.00;0.00;0.00;0.00;0.00;60.00;890.00;16.86;343.89;17.21;344.22;8.35;7.43;16.56
2018;07;28;14;00;28.99;39.00;1015.30;0.00;0.00;0.00;0.00;0.00;0.00;60.00;923.82;22.90;343.56;23.93;344.29;6.49;356.82;21.24
2018;07;28;15;00;28.62;41.00;1016.10;0.00;0.00;0.00;0.00;0.00;0.00;60.00;907.80;25.39;341.82;27.10;343.01;5.99;327.26;21.96
2018;07;28;16;00;27.84;46.00;1015.80;0.00;0.00;0.00;0.00;0.00;0.00;60.00;839.27;27.32;341.57;30.07;343.30;6.41;321.84;23.40
2018;07;28;17;00;26.90;49.00;1015.50;0.00;0.00;0.00;0.00;0.00;0.00;60.00;725.35;29.71;340.91;33.24;342.35;8.09;327.72;25.56
2018;07;28;18;00;25.46;54.00;1015.70;0.00;0.00;0.00;0.00;0.00;0.00;60.00;570.49;30.85;340.93;35.97;341.93;9.59;325.71;29.52
2018;07;28;19;00;23.85;59.00;1015.70;0.00;0.00;0.00;0.00;0.00;0.00;60.00;390.71;29.50;340.02;34.61;341.19;10.38;326.31;27.00
2018;07;28;20;00;21.33;73.00;1016.10;0.00;0.00;0.00;0.00;0.00;0.00;60.00;201.14;27.10;340.60;34.15;341.57;14.19;324.29;27.36
2018;07;28;21;00;18.81;82.00;1016.90;0.00;0.00;0.00;0.00;0.00;0.00;47.22;33.82;23.45;342.12;31.21;343.24;19.01;322.70;29.88
2018;07;28;22;00;17.91;85.00;1017.60;0.00;0.00;0.00;0.00;0.00;0.00;0.00;0.00;20.62;343.78;28.39;344.55;23.05;321.34;28.44
2018;07;28;23;00;17.42;87.00;1017.60;0.00;0.00;0.00;0.00;0.00;0.00;0.00;0.00;18.79;343.30;26.81;345.22;27.00;323.13;27.36
2018;07;29;00;00;17.04;86.00;1018.10;0.00;0.00;0.00;0.00;0.00;0.00;0.00;0.00;16.97;342.72;24.63;344.74;29.30;322.99;25.20
2018;07;29;01;00;16.50;88.00;1018.40;0.00;0.00;0.00;0.00;0.00;0.00;0.00;0.00;15.48;342.41;23.59;344.05;28.86;319.55;23.40
2018;07;29;02;00;15.89;90.00;1017.80;0.00;0.00;3.00;0.00;0.00;3.00;0.00;0.00;14.00;342.03;22.55;343.30;27.00;317.16;21.60
2018;07;29;03;00;15.26;92.00;1017.70;0.00;0.00;41.00;0.00;0.00;41.00;0.00;0.00;13.90;343.44;23.49;344.90;25.21;316.74;20.88
2018;07;29;04;00;14.08;93.00;1017.60;0.00;0.00;2.00;0.00;0.00;2.00;0.00;0.00;11.97;344.29;21.13;346.20;23.33;321.89;24.84
2018;07;29;05;00;13.22;95.00;1017.90;0.00;0.00;5.00;0.00;0.00;5.00;0.00;0.00;10.66;348.31;20.83;350.05;22.42;330.14;16.92
2018;07;29;06;00;15.28;85.00;1018.30;0.00;0.00;100.00;0.00;0.00;100.00;0.00;0.00;12.37;351.63;20.67;353.00;21.19;339.10;21.60
2018;07;29;07;00;15.54;83.00;1018.90;0.00;0.00;100.00;0.00;0.00;100.00;0.00;5.34;9.89;349.51;17.52;350.54;18.00;348.47;18.72
2018;07;29;08;00;16.61;79.00;1019.30;0.00;0.00;2.00;0.00;0.00;2.00;58.72;131.72;13.44;352.30;15.23;353.21;16.04;350.96;20.88
2018;07;29;09;00;19.33;64.00;1019.50;0.00;0.00;0.00;0.00;0.00;0.00;60.00;321.29;13.28;347.47;13.98;348.11;15.63;352.06;15.48
2018;07;29;10;00;21.49;57.00;1019.60;0.00;0.00;0.00;0.00;0.00;0.00;60.00;504.63;18.69;344.36;20.78;345.96;17.31;356.42;19.08
2018;07;29;11;00;22.61;53.00;1019.50;0.00;0.00;0.00;0.00;0.00;0.00;60.00;663.94;21.27;336.04;23.26;338.20;18.37;357.75;23.76
2018;07;29;12;00;23.98;51.00;1019.60;0.00;0.00;0.00;0.00;0.00;0.00;60.00;792.10;22.42;330.14;24.48;331.93;17.34;4.76;24.48
2018;07;29;13;00;26.41;42.00;1019.10;0.00;0.00;0.00;0.00;0.00;0.00;60.00;878.43;21.30;329.53;22.70;332.62;13.68;333.43;23.04
2018;07;29;14;00;26.68;40.00;1019.00;0.00;0.00;0.00;0.00;0.00;0.00;60.00;916.70;24.08;328.45;25.94;330.95;14.81;334.06;23.40
2018;07;29;15;00;26.45;40.00;1019.20;0.00;0.00;0.00;0.00;0.00;0.00;60.00;901.57;26.98;328.64;29.65;330.95;16.60;335.66;25.92
2018;07;29;16;00;25.77;44.00;1018.90;0.00;0.00;0.00;0.00;0.00;0.00;60.00;835.71;28.85;330.88;32.04;332.57;16.58;332.88;27.00
2018;07;29;17;00;24.92;46.00;1018.70;0.00;0.00;0.00;0.00;0.00;0.00;60.00;723.57;28.82;334.08;31.91;336.04;19.20;329.59;27.72
2018;07;29;18;00;23.77;50.00;1018.70;0.00;0.00;0.00;0.00;0.00;0.00;60.00;571.38;29.22;337.54;33.16;339.01;19.69;329.22;26.28
2018;07;29;19;00;22.16;58.00;1018.40;0.00;0.00;0.00;0.00;0.00;0.00;60.00;391.60;28.70;340.20;33.81;341.37;19.48;332.49;28.08
2018;07;29;20;00;20.07;72.00;1018.80;0.00;0.00;0.00;0.00;0.00;0.00;60.00;201.14;26.65;343.52;33.28;344.31;18.06;336.50;24.48
2018;07;29;21;00;18.18;80.00;1019.30;0.00;0.00;0.00;0.00;0.00;0.00;46.36;32.93;21.32;348.31;29.72;348.83;14.49;345.62;20.16
2018;07;29;22;00;17.63;84.00;1019.60;0.00;0.00;0.00;0.00;0.00;0.00;0.00;0.00;18.23;350.91;26.93;351.54;9.73;357.88;19.08
2018;07;29;23;00;17.17;87.00;1019.80;0.00;0.00;0.00;0.00;0.00;0.00;0.00;0.00;16.66;353.80;25.33;354.29;7.57;357.27;15.48
2018;07;30;00;00;16.85;89.00;1020.30;0.00;0.00;0.00;0.00;0.00;0.00;0.00;0.00;16.20;358.73;24.84;359.17;7.70;349.22;14.76
2018;07;30;01;00;15.96;91.00;1020.00;0.00;0.00;0.00;0.00;0.00;0.00;0.00;0.00;13.32;1.55;22.35;2.77;9.11;341.57;10.80
2018;07;30;02;00;15.13;91.00;1019.80;0.00;0.00;0.00;0.00;0.00;0.00;0.00;0.00;11.57;5.36;17.82;8.13;10.04;345.47;9.36
2018;07;30;03;00;14.76;90.00;1019.50;0.00;0.00;0.00;0.00;0.00;0.00;0.00;0.00;9.78;6.34;14.62;9.93;10.09;357.95;9.00
2018;07;30;04;00;14.69;88.00;1019.00;0.00;0.00;0.00;0.00;0.00;0.00;0.00;0.00;9.39;4.40;15.63;7.94;10.85;5.71;8.64
2018;07;30;05;00;14.89;86.00;1019.00;0.00;0.00;0.00;0.00;0.00;0.00;0.00;0.00;8.40;9.87;13.71;13.67;10.90;7.59;8.64
2018;07;30;06;00;14.83;88.00;1018.60;0.00;0.00;0.00;0.00;0.00;0.00;0.00;0.00;8.05;10.30;11.30;9.16;10.31;12.09;7.92
2018;07;30;07;00;15.11;90.00;1019.30;0.00;0.00;1.00;0.00;0.00;1.00;24.07;4.45;7.34;11.31;10.04;14.53;8.67;4.76;7.92
2018;07;30;08;00;18.58;77.00;1019.90;0.00;0.00;0.00;0.00;0.00;0.00;60.00;129.05;10.74;13.57;8.91;14.04;7.95;354.81;8.64
2018;07;30;09;00;21.56;66.00;1019.60;0.00;0.00;0.00;0.00;0.00;0.00;60.00;314.17;18.16;13.76;18.95;14.30;8.64;360.00;14.76
2018;07;30;10;00;23.44;59.00;1019.80;0.00;0.00;0.00;0.00;0.00;0.00;60.00;496.62;18.51;13.50;19.30;14.04;8.35;352.57;15.12
2018;07;30;11;00;25.60;52.00;1019.20;0.00;0.00;0.00;0.00;0.00;0.00;60.00;654.15;15.55;5.31;15.94;6.48;8.65;343.07;12.96
2018;07;30;12;00;27.48;46.00;1018.40;0.00;0.00;0.00;0.00;0.00;0.00;60.00;782.31;14.11;354.14;14.08;355.60;8.64;360.00;13.68
2018;07;30;13;00;30.51;38.00;1017.70;0.00;0.00;0.00;0.00;0.00;0.00;60.00;869.53;12.24;331.93;11.77;336.57;10.83;21.45;13.32
2018;07;30;14;00;30.36;40.00;1017.50;0.00;0.00;0.00;0.00;0.00;0.00;60.00;904.24;22.60;337.52;23.87;336.91;11.61;29.74;21.60
2018;07;30;15;00;28.89;45.00;1017.20;0.00;0.00;0.00;0.00;0.00;0.00;60.00;889.11;27.68;339.44;29.83;340.25;9.78;6.34;24.48
2018;07;30;16;00;27.49;49.00;1017.00;0.00;0.00;0.00;0.00;0.00;0.00;60.00;824.14;30.40;341.35;33.93;342.72;7.75;338.20;26.28
2018;07;30;17;00;26.47;52.00;1017.20;0.00;0.00;0.00;0.00;0.00;0.00;60.00;712.89;31.80;344.23;36.06;345.55;6.73;344.48;28.44
2018;07;30;18;00;25.09;57.00;1016.90;0.00;0.00;0.00;0.00;0.00;0.00;60.00;561.59;31.87;346.28;36.86;347.59;6.88;353.99;28.44
2018;07;30;19;00;23.30;65.00;1017.30;0.00;0.00;0.00;0.00;0.00;0.00;60.00;384.48;30.65;347.11;36.36;348.58;7.21;357.14;25.92
2018;07;30;20;00;20.97;76.00;1017.40;0.00;0.00;0.00;0.00;0.00;0.00;60.00;196.69;27.82;349.56;34.68;350.44;6.48;360.00;31.68
2018;07;30;21;00;18.72;86.00;1017.60;0.00;0.00;0.00;0.00;0.00;0.00;45.48;31.15;24.44;350.68;33.04;352.49;5.80;7.13;20.88
2018;07;30;22;00;18.57;86.00;1018.10;0.00;0.00;0.00;0.00;0.00;0.00;0.00;0.00;22.39;355.39;32.07;357.43;5.35;19.65;19.08
2018;07;30;23;00;18.46;87.00;1017.90;0.00;0.00;0.00;0.00;0.00;0.00;0.00;0.00;21.24;360.00;30.24;0.68;5.51;11.31;17.28
2018;07;31;00;00;18.46;89.00;1018.20;0.00;0.00;0.00;0.00;0.00;0.00;0.00;0.00;19.47;3.18;28.59;5.78;3.24;360.00;14.76
2018;07;31;01;00;18.12;90.00;1018.10;0.00;0.00;0.00;0.00;0.00;0.00;0.00;0.00;16.34;7.59;25.28;10.67;1.44;360.00;11.52
2018;07;31;02;00;17.73;91.00;1017.70;0.00;0.00;0.00;0.00;0.00;0.00;0.00;0.00;15.63;14.68;23.80;17.61;1.14;341.57;10.08
2018;07;31;03;00;17.35;92.00;1017.40;0.00;0.00;0.00;0.00;0.00;0.00;0.00;0.00;15.38;16.31;24.36;18.97;2.74;336.80;10.08
2018;07;31;04;00;17.30;91.00;1016.80;0.00;0.00;0.00;0.00;0.00;0.00;0.00;0.00;16.07;15.59;25.50;18.95;5.09;351.87;25.20
2018;07;31;05;00;17.14;91.00;1016.80;0.00;0.00;0.00;0.00;0.00;0.00;0.00;0.00;16.17;16.82;25.96;19.44;6.85;3.01;25.92
2018;07;31;06;00;17.25;92.00;1016.80;0.00;0.00;0.00;0.00;0.00;0.00;0.00;0.00;16.97;17.28;27.22;20.11;10.31;24.78;25.92
2018;07;31;07;00;17.82;91.00;1017.00;0.00;0.00;0.00;0.00;0.00;0.00;23.52;4.45;16.97;17.28;26.76;19.65;15.70;36.61;21.24
2018;07;31;08;00;21.66;73.00;1017.20;0.00;0.00;0.00;0.00;0.00;0.00;60.00;123.71;21.41;16.61;25.84;18.69;17.94;38.48;25.92
2018;07;31;09;00;23.70;65.00;1017.10;0.00;0.00;0.00;0.00;0.00;0.00;60.00;309.72;23.11;18.15;25.96;19.44;19.39;31.33;28.44
2018;07;31;10;00;25.63;58.00;1016.90;0.00;0.00;0.00;0.00;0.00;0.00;60.00;490.39;22.66;17.57;24.70;18.70;22.68;35.96;16.92
2018;07;31;11;00;28.42;49.00;1016.60;0.00;0.00;0.00;0.00;0.00;0.00;60.00;647.92;22.31;17.85;24.36;18.97;29.81;37.15;17.64
2018;07;31;12;00;30.82;42.00;1016.10;0.00;0.00;0.00;0.00;0.00;0.00;60.00;776.08;23.24;16.19;26.07;17.68;35.50;36.75;15.48
2018;07;31;13;00;32.16;40.00;1016.00;0.00;0.00;0.00;0.00;0.00;0.00;60.00;858.85;19.44;358.94;20.16;1.02;24.85;38.53;17.28
2018;07;31;14;00;33.05;36.00;1015.60;0.00;0.00;0.00;0.00;0.00;0.00;60.00;898.01;13.14;350.54;13.70;356.99;15.18;22.31;10.80
2018;07;31;15;00;34.07;35.00;1014.70;0.00;0.00;0.00;0.00;0.00;0.00;60.00;881.10;16.17;348.44;15.27;351.87;15.07;40.16;14.76
2018;07;31;16;00;32.41;43.00;1013.80;0.00;0.00;0.00;0.00;0.00;0.00;60.00;812.57;25.76;344.60;27.00;343.74;17.06;44.14;22.68
2018;07;31;17;00;30.00;48.00;1013.90;0.00;0.00;0.00;0.00;0.00;0.00;60.00;703.10;29.72;343.10;32.69;343.36;19.88;58.32;28.44
2018;07;31;18;00;28.39;54.00;1013.60;0.00;0.00;0.00;0.00;0.00;0.00;60.00;554.47;31.55;343.43;35.90;344.29;19.08;58.11;29.16
2018;07;31;19;00;26.65;58.00;1013.40;0.00;0.00;0.00;0.00;0.00;0.00;60.00;378.25;30.85;348.56;36.29;349.14;17.60;59.24;29.52
2018;07;31;20;00;24.62;65.00;1013.70;0.00;0.00;0.00;0.00;0.00;0.00;60.00;192.24;28.67;352.79;34.75;354.05;19.60;44.26;27.72
2018;07;31;21;00;22.42;72.00;1014.20;0.00;0.00;0.00;0.00;0.00;0.00;44.58;29.37;26.32;356.86;33.17;356.89;15.72;69.90;24.84
2018;07;31;22;00;21.92;72.00;1014.20;0.00;0.00;0.00;0.00;0.00;0.00;0.00;0.00;24.14;2.56;29.60;4.18;15.38;69.44;23.04
2018;07;31;23;00;21.69;72.00;1014.30;0.00;0.00;0.00;0.00;0.00;0.00;0.00;0.00;23.32;8.88;28.24;11.02;13.01;75.58;20.52
2018;08;01;00;00;21.50;68.00;1014.60;0.00;0.00;0.00;0.00;0.00;0.00;0.00;0.00;23.75;14.04;28.48;16.14;9.61;77.01;21.96
2018;08;01;01;00;20.36;68.00;1014.00;0.00;0.00;0.00;0.00;0.00;0.00;0.00;0.00;22.77;18.43;27.68;20.56;7.17;72.47;18.72
2018;08;01;02;00;19.89;68.00;1013.30;0.00;0.00;0.00;0.00;0.00;0.00;0.00;0.00;22.41;23.68;27.71;24.57;5.32;61.70;20.52
2018;08;01;03;00;19.26;69.00;1013.30;0.00;0.00;0.00;0.00;0.00;0.00;0.00;0.00;19.80;27.03;25.44;26.93;4.10;52.13;16.92
2018;08;01;04;00;18.63;71.00;1012.60;0.00;0.00;0.00;0.00;0.00;0.00;0.00;0.00;19.51;29.88;27.97;31.85;5.09;45.00;12.96
2018;08;01;05;00;17.93;73.00;1012.50;0.00;0.00;0.00;0.00;0.00;0.00;0.00;0.00;18.78;32.47;31.06;34.61;6.61;60.64;16.56
2018;08;01;06;00;17.55;73.00;1012.30;0.00;0.00;0.00;0.00;0.00;0.00;0.00;0.00;18.67;34.00;36.95;35.08;9.18;78.69;17.28
2018;08;01;07;00;18.03;70.00;1012.40;0.00;0.00;0.00;0.00;0.00;0.00;22.70;3.56;18.58;35.54;35.65;38.03;11.57;95.36;17.64
2018;08;01;08;00;22.55;53.00;1012.50;0.00;0.00;0.00;0.00;0.00;0.00;60.00;121.93;19.68;39.81;29.33;41.52;12.77;130.43;16.20
2018;08;01;09;00;27.64;44.00;1012.60;0.00;0.00;0.00;0.00;0.00;0.00;60.00;307.05;19.60;44.26;23.42;45.00;18.12;110.96;18.36
2018;08;01;10;00;31.31;38.00;1012.60;0.00;0.00;2.00;0.00;2.00;0.00;58.72;486.83;16.60;65.66;18.53;65.92;25.58;92.42;20.52
2018;08;01;11;00;33.10;32.00;1012.40;0.00;0.00;100.00;0.00;100.00;0.00;0.00;585.62;12.18;124.16;12.78;122.35;24.15;116.57;15.48
2018;08;01;12;00;32.11;32.00;1012.90;0.00;0.00;100.00;0.00;100.00;0.00;0.00;565.15;13.44;159.62;14.33;154.72;29.83;107.56;16.92
2018;08;01;13;00;33.56;27.00;1012.90;0.00;0.00;100.00;0.00;100.00;0.00;0.00;776.08;10.93;162.76;11.63;158.20;25.81;120.14;14.04
2018;08;01;14;00;34.06;25.00;1012.50;0.00;0.00;100.00;0.00;100.00;0.00;0.00;847.28;9.23;200.56;9.45;197.74;26.37;124.99;14.04
2018;08;01;15;00;35.40;19.00;1011.70;0.00;0.00;7.00;0.00;7.00;0.00;55.53;845.50;7.59;238.57;6.70;233.75;29.16;122.91;16.56
2018;08;01;16;00;37.08;14.00;1010.60;0.00;0.00;0.00;0.00;0.00;0.00;60.00;812.57;7.57;272.73;6.49;273.18;19.60;97.39;19.80
2018;08;01;17;00;37.74;19.00;1010.00;0.00;0.00;0.00;0.00;0.00;0.00;60.00;703.99;11.62;286.19;11.18;284.93;16.85;70.02;20.16
2018;08;01;18;00;36.03;31.00;1009.70;0.00;0.00;0.00;0.00;0.00;0.00;60.00;550.91;11.61;277.13;11.16;270.00;18.60;104.57;11.88
2018;08;01;19;00;35.21;28.00;1009.90;0.00;0.00;0.00;0.00;0.00;0.00;60.00;374.69;3.96;180.00;7.28;171.47;9.61;102.99;6.48
2018;08;01;20;00;34.01;27.00;1010.10;0.00;0.00;0.00;0.00;0.00;0.00;60.00;188.68;7.13;135.00;11.72;132.51;8.40;80.13;11.16
2018;08;01;21;00;31.49;31.00;1010.50;0.00;0.00;0.00;0.00;0.00;0.00;43.65;27.59;4.10;127.87;8.71;128.29;11.54;86.42;9.72
2018;08;01;22;00;29.75;40.00;1011.00;0.00;0.00;0.00;0.00;0.00;0.00;0.00;0.00;5.35;70.35;9.03;85.43;24.82;113.96;11.16
2018;08;01;23;00;26.82;51.00;1011.40;0.00;0.00;0.00;0.00;0.00;0.00;0.00;0.00;12.10;67.25;17.60;59.24;41.54;123.69;21.24
